{
  "quality_scores": {
    "drift_feature": 0.32807118368114774,
    "high_quality_feature": 0.7426807252159432,
    "low_quality_feature": 0.39937217228256006,
    "trend_feature": 0.33036722275408337,
    "medium_quality_feature": 0.429167512995181
  },
  "quality_ranking": [
    [
      "high_quality_feature",
      0.7426807252159432
    ],
    [
      "medium_quality_feature",
      0.429167512995181
    ],
    [
      "low_quality_feature",
      0.39937217228256006
    ],
    [
      "trend_feature",
      0.33036722275408337
    ],
    [
      "drift_feature",
      0.32807118368114774
    ]
  ],
  "recommendations": {
    "keep": [
      "high_quality_feature"
    ],
    "improve": [],
    "remove": [
      "drift_feature",
      "low_quality_feature",
      "trend_feature",
      "medium_quality_feature"
    ]
  },
  "quality_summary": {
    "total_features": 5,
    "average_quality": 0.44593176338578305,
    "median_quality": 0.39937217228256006,
    "std_quality": 0.15346339059323852,
    "min_quality": 0.32807118368114774,
    "max_quality": 0.7426807252159432,
    "high_quality_count": 1,
    "low_quality_count": 4
  }
}