{
  "data_structures": {
    "total_time": 0.04828476905822754,
    "iterations": 10000,
    "throughput": 207104.64593795213,
    "avg_latency": 0.004135029999999901,
    "p50_latency": 0.003900000000001125,
    "p95_latency": 0.004400000000015503,
    "min_latency": 0.0029999999999752447,
    "max_latency": 0.4233999999999627,
    "cpu_usage": 2.8000000000000007,
    "memory_delta": -122880,
    "memory_peak": 338687,
    "memory_current": 334343
  },
  "json_operations": {
    "total_time": 0.03145241737365723,
    "iterations": 5000,
    "throughput": 158970.29282676755,
    "avg_latency": 0.005902880000000188,
    "p50_latency": 0.005299999999985872,
    "p95_latency": 0.009100000000039632,
    "min_latency": 0.004999999999977245,
    "max_latency": 0.07689999999999086,
    "cpu_usage": 15.7,
    "memory_delta": 65536,
    "memory_peak": 168448,
    "memory_current": 164128
  },
  "list_operations": {
    "total_time": 0.008910417556762695,
    "iterations": 1000,
    "throughput": 112228.18612367217,
    "avg_latency": 0.008287900000000237,
    "p50_latency": 0.008100000000010876,
    "p95_latency": 0.00870000000002813,
    "min_latency": 0.006799999999973494,
    "max_latency": 0.055099999999974614,
    "cpu_usage": 0,
    "memory_delta": -442368,
    "memory_peak": 38820,
    "memory_current": 34500
  },
  "dict_operations": {
    "total_time": 0.16540050506591797,
    "iterations": 1000,
    "throughput": 6045.930752154986,
    "avg_latency": 0.16503049999999986,
    "p50_latency": 0.14970000000003036,
    "p95_latency": 0.25359999999996496,
    "min_latency": 0.1446999999999976,
    "max_latency": 0.3025999999999862,
    "cpu_usage": 0,
    "memory_delta": -8192,
    "memory_peak": 48516,
    "memory_current": 34552
  },
  "timestamp": 1760115814.1216207
}