{
  "total_time": 1.5515410900115967,
  "iterations": 1000,
  "concurrency": 10,
  "throughput": 644.5204747961433,
  "avg_latency": 15.50179249999999,
  "p50_latency": 15.529749999999787,
  "p95_latency": 16.088299999999833,
  "p99_latency": 16.239300000000068,
  "min_latency": 13.815899999999992,
  "max_latency": 16.40560000000013,
  "cpu_usage": 0,
  "memory_delta": -4861952,
  "memory_peak": 81459,
  "memory_current": 77139
}