{
  "test_time": 1756184746.7213624,
  "tests": [
    {
      "test_type": "single_thread",
      "total_requests": 100,
      "successful_requests": 100,
      "success_rate": 1.0,
      "avg_response_time": 2130.4986143112183,
      "min_response_time": 2103.3592224121094,
      "max_response_time": 2160.9809398651123,
      "p95_response_time": 2147.3634243011475,
      "p99_response_time": 2160.9809398651123
    },
    {
      "test_type": "concurrent",
      "concurrent_threads": 10,
      "total_requests": 200,
      "total_time": 42.64103579521179,
      "requests_per_second": 4.690317584228529,
      "avg_response_time": 2128.1004798412323,
      "min_response_time": 2090.017080307007,
      "max_response_time": 2151.099443435669,
      "p95_response_time": 2143.486261367798
    }
  ]
}