{
  "test_time": 1756184740.706041,
  "optimizations": [
    {
      "method": "parallel_processing",
      "data_size": 1000000,
      "num_workers": 4,
      "execution_time": 0.01799798011779785,
      "results": [
        2722481.7161437203,
        2722808.2418642975,
        2723466.2021245807,
        2721997.375141679
      ],
      "cpu_usage": 14.3
    },
    {
      "method": "vectorization",
      "data_size": 1000000,
      "execution_time": 0.05749917030334473,
      "result": 15396381.003819104,
      "cpu_usage": 10.6
    },
    {
      "method": "caching",
      "cache_size": 1000,
      "total_requests": 2000,
      "cache_hits": 1000,
      "cache_misses": 1000,
      "hit_rate": 0.5,
      "execution_time": 0.009334087371826172,
      "cpu_usage": 9.8
    }
  ]
}