{
  "test_timestamp": 1766817508.5909615,
  "overall_result": "PASSED",
  "concurrent_test": {
    "total_requests": 100,
    "successful_requests": 100,
    "errors": 0,
    "success_rate": 100.0,
    "avg_response_time": 16.170246601104736,
    "min_response_time": 15.142679214477539,
    "max_response_time": 22.843360900878906,
    "p95_response_time": 21.844148635864258,
    "p99_response_time": 22.843360900878906,
    "cpu_avg": 13.0,
    "cpu_max": 13.0,
    "memory_avg": 26.5,
    "memory_max": 26.5
  },
  "stability_test": {
    "duration_minutes": 2.016374488671621,
    "total_requests": 118,
    "errors": 0,
    "success_rate": 100.0,
    "avg_response_time": 15.61686952235335,
    "cpu_stability": 1.6397270864484697,
    "memory_stability": 0.7214208809229836
  },
  "system_info": {
    "cpu_count": 32,
    "cpu_count_logical": 32,
    "memory_total_gb": 63.21662139892578
  }
}