{
  "config_storage": {
    "set_operations_per_second": 200071.74203396298,
    "get_operations_per_second": 250167.24323034714,
    "batch_set_time_ms": 0.0,
    "batch_get_time_ms": 0.0,
    "total_operations": 2000
  },
  "config_validator": {
    "valid_validation_per_second": 83332.75053643805,
    "invalid_validation_per_second": 90750.44355013198,
    "rule_management_time_ms": 157.42945671081543,
    "total_validations": 2000
  },
  "user_manager": {
    "user_additions_per_second": 631.504902315049,
    "authentications_per_second": 647.1890361717577,
    "permission_checks_per_second": 247247.3473237444,
    "total_operations": 3000
  },
  "session_manager": {
    "session_creations_per_second": 593.1786570158374,
    "session_validations_per_second": 58877.34074510795,
    "session_invalidations_per_second": 633.4342667027107,
    "total_operations": 2100
  },
  "unified_config_manager": {
    "set_operations_per_second": 18749.850244526104,
    "get_operations_per_second": 82478.98845692487,
    "validations_per_second": 617.630951758626,
    "total_operations": 3000
  },
  "concurrent_operations": {
    "total_operations": 2000,
    "total_time_seconds": 0.08394861221313477,
    "average_thread_time_seconds": 0.007082581520080566,
    "min_thread_time_seconds": 0.006005764007568359,
    "max_thread_time_seconds": 0.007999658584594727,
    "operations_per_second": 23824.098424906137
  }
}