{
  "timestamp": 1753606040.2165446,
  "training_result": {
    "episodes_completed": 300,
    "training_results": [
      {
        "episode": 0,
        "total_reward": 1048.0692786391735,
        "steps_taken": 100,
        "final_state": {
          "timestamp": 1753606039.0493517,
          "market_volatility": 0.007264898366751136,
          "risk_level": 0.13576282891442,
          "performance_score": 0.4644895453323191,
          "system_load": 0.3987639830961256,
          "cache_hit_rate": 0.98,
          "error_rate": 0.0,
          "response_time": 47.85338041200155,
          "user_satisfaction": 0.5273393799147927,
          "optimization_potential": 0.5
        },
        "actions_taken": [
          {
            "step": 0,
            "action": {
              "action_id": 