{
  "timestamp": 1753616272.4502747,
  "environments": {
    "development": {
      "status": "degraded",
      "health_score": 0.9473934137108052,
      "response_time": 158.68976531482423,
      "last_check": 1753616272.4458857
    },
    "staging": {
      "status": "running",
      "health_score": 0.9588980860665035,
      "response_time": 137.50354914317052,
      "last_check": 1753616272.4458857
    },
    "production": {
      "status": "degraded",
      "health_score": 0.932858667488721,
      "response_time": 188.9200444780616,
      "last_check": 1753616272.4458857
    }
  },
  "summary": {
    "total_environments": 3,
    "running_environments": 1,
    "overall_health": 0.3333333333333333
  }
}