{
  "timestamp": 1753670572.5898104,
  "environments": {
    "development": {
      "status": "failed",
      "health_score": 0.3,
      "response_time": 265.1233673095703,
      "last_check": 1753670567.8448782
    },
    "staging": {
      "status": "failed",
      "health_score": 0.3,
      "response_time": 404.6781063079834,
      "last_check": 1753670568.268436
    },
    "production": {
      "status": "failed",
      "health_score": 0.3,
      "response_time": 322.0505714416504,
      "last_check": 1753670568.6124759
    }
  },
  "summary": {
    "total_environments": 3,
    "running_environments": 0,
    "overall_health": 0.3
  }
}